<?xml version="1.0" encoding="utf-8" ?>

<Defs>


    <ThingDef ParentName="BuildingNaturalBase">
        <defName>ResourceHole</defName>
        <label>mining hole</label>
        <description>A mining hole.</description>
        <thingClass>Thing</thingClass>
        <category>Ethereal</category>
        <graphicData>
            <texPath>Things/Buildings/MineHole</texPath>
            <graphicClass>Graphic_Single</graphicClass>
            <shaderType>Transparent</shaderType>
            <drawSize>(3,3)</drawSize>
        </graphicData>
        <altitudeLayer>Floor</altitudeLayer>
        <destroyable>false</destroyable>
        <useHitPoints>false</useHitPoints>
        <tickerType>Never</tickerType>
		<scatterableOnMapGen>true</scatterableOnMapGen>
        <selectable>true</selectable>
        <size>(3,3)</size>
        <neverOverlapFloors>true</neverOverlapFloors>
        <blockPlants>true</blockPlants>
    </ThingDef>



   <ThingCategoryDef>
    <defName>OreChunks</defName>
    <label>Ores</label>
    <parent>ResourcesRaw</parent>
  </ThingCategoryDef>
 
 <ThingDef ParentName="ResourceBase">
    <defName>ChunkIronOre</defName>
    <label>iron ore</label>
    <description>A piece of iron ore. It's useless in its current form, it can be smelted to aquire puryfied ore.</description>
	<stackLimit>200</stackLimit>
	    <deepCommonality>4</deepCommonality>
    <deepCountPerPortion>60</deepCountPerPortion>
    <deepLumpSizeRange>
      <min>20</min>
      <max>40</max>
    </deepLumpSizeRange>
    <graphicData>
      <texPath>orechunks/iron_chunk</texPath>
      <graphicClass>Graphic_StackCount</graphicClass>
	  </graphicData>
	<useHitPoints>false</useHitPoints>
    <thingCategories>
      <li>OreChunks</li>
    </thingCategories>
	 <statBases>
	  <MarketValue>0.2</MarketValue>
      <Mass>0.5</Mass>
	  </statBases>

</ThingDef>

 <ThingDef ParentName="ResourceBase">
    <defName>ChunkGoldOre</defName>
    <label>gold ore</label>
    <description>A chunk of gold containing ore. It's useless in its current form, however it can be smelted to aquire puryfied resource.</description>
    <graphicData>
      <texPath>orechunks/gold_chunk</texPath>
      <graphicClass>Graphic_StackCount</graphicClass>
    </graphicData>
    <statBases>
       <MarketValue>5</MarketValue>
      <Mass>0.08</Mass>
    </statBases>
    <soundDrop>ChunkRock_Drop</soundDrop>
		<stackLimit>200</stackLimit>
			<deepCommonality>0.5</deepCommonality>
    <deepCountPerPortion>60</deepCountPerPortion>
    <deepLumpSizeRange>
      <min>1</min>
      <max>5</max>
    </deepLumpSizeRange>
    <thingCategories>
      <li>OreChunks</li>
    </thingCategories>
</ThingDef>

 <ThingDef ParentName="ResourceBase">
    <defName>ChunkSilverOre</defName>
    <label>silver ore</label>
    <description>A chunk, containing silver ore. It's useless in its current form, it can be smelted to aquire resource .</description>
    <graphicData>
      <texPath>orechunks/silver_chunk</texPath>
      <graphicClass>Graphic_StackCount</graphicClass>
    </graphicData>
    <statBases>
      <MarketValue>0.45</MarketValue>
      <Mass>0.08</Mass>
    </statBases>
		<stackLimit>200</stackLimit>
	<deepCommonality>0.5</deepCommonality>
    <deepCountPerPortion>60</deepCountPerPortion>
    <deepLumpSizeRange>
      <min>1</min>
      <max>5</max>
    </deepLumpSizeRange>
    <soundDrop>ChunkRock_Drop</soundDrop>
    <thingCategories>
      <li>OreChunks</li>
    </thingCategories>
</ThingDef>

 <ThingDef ParentName="ResourceBase">
    <defName>ChunkPlasteelOre</defName>
    <label>plasteel ore</label>
    <description>Not really an ore, the remains of ancient structure compressed by elements. They need to be purified and reshaped to be usable.</description>
    <graphicData>
      <texPath>orechunks/plasteel_chunk</texPath>
      <graphicClass>Graphic_StackCount</graphicClass>
    </graphicData>
		<stackLimit>200</stackLimit>
		    <deepCommonality>1</deepCommonality>
    <deepCountPerPortion>60</deepCountPerPortion>
    <deepLumpSizeRange>
      <min>2</min>
      <max>10</max>
    </deepLumpSizeRange>
    <statBases>
      <MarketValue>3</MarketValue>
      <Mass>0.45</Mass>
    </statBases>
    <soundDrop>ChunkRock_Drop</soundDrop>
    <thingCategories>
      <li>OreChunks</li>
    </thingCategories>
</ThingDef>

 <ThingDef ParentName="ResourceBase">
    <defName>ChunkUraniumOre</defName>
    <label>uranium ore</label>
    <description>A chunk of uranium ore. It contains miniscule amount of resource, and it needs pulverized, refined with acid, then smelted into usable form.</description>
    <graphicData>
      <texPath>orechunks/uranium_chunk</texPath>
       <graphicClass>Graphic_StackCount</graphicClass>
    </graphicData>
		<stackLimit>200</stackLimit>
		    <deepCommonality>1</deepCommonality>
    <deepCountPerPortion>60</deepCountPerPortion>
    <deepLumpSizeRange>
      <min>4</min>
      <max>10</max>
    </deepLumpSizeRange>
    <statBases>
	     <MarketValue>0.8</MarketValue>
      <Mass>1</Mass>
    </statBases>
    <soundDrop>ChunkRock_Drop</soundDrop>
    <thingCategories>
      <li>OreChunks</li>
    </thingCategories>
</ThingDef>





</Defs>