<?xml version="1.0" encoding="utf-8" ?>
<Defs>
    <WorkTypeDef>
    <defName>MiningOreNode</defName>
    <labelShort>Excavate</labelShort>
    <pawnLabel>Miner</pawnLabel>
    <gerundLabel>mining</gerundLabel>
    <description>Digging and drilling at mining platform.(Worktype added by ore processing).</description>
    <verb>Mine Quarry</verb>
    <naturalPriority>650</naturalPriority>
    <requireCapableColonist>true</requireCapableColonist>
    <relevantSkills>
      <li>Mining</li>
    </relevantSkills>
    <workTags>
      <li>ManualSkilled</li>
      <li>Mining</li>
    </workTags>
  </WorkTypeDef> 

 <WorkTypeDef>
    <defName>WorkingOnSice</defName>
    <labelShort>Sieve</labelShort>
    <pawnLabel>Researcher</pawnLabel>
    <gerundLabel>sieving</gerundLabel>
    <description>Sieving soil in search of ore lumps.</description>
    <verb>Sieve Soil</verb>
    <naturalPriority>150</naturalPriority>
    <requireCapableColonist>true</requireCapableColonist>
    <relevantSkills>
      <li>Intellectual</li>
    </relevantSkills>
    <workTags>
      <li>Intellectual</li>
      <li>Commoner</li>
    </workTags>
  </WorkTypeDef>
  
  
</Defs>