<?xml version="1.0" encoding="utf-8" ?>



<Defs>
  
  <RecipeDef>
    <defName>SmeltIronOreChunk</defName>
    <label>refine steel ore</label>
    <description>With use of compounds and heat refine iron chunk into useful metal</description>
    <jobString>Smelting metal from chunk.</jobString>
    <workAmount>2000</workAmount>
    <workSpeedStat>SmeltingSpeed</workSpeedStat>
    <effectWorking>Smelt</effectWorking>
    <soundWorking>Recipe_Smelt</soundWorking>
    <ingredients>
		  <li>
			<filter>
			  <thingDefs>
				<li>ChunkIronOre</li>
			  </thingDefs>
			</filter>
			<count>40</count>
		  </li>
		<li>
			<filter>
				<thingDefs>
					<li>Coal</li>
					<li>Charcoal</li>
					</thingDefs>
			</filter>
			<count>25</count>
		</li>
    </ingredients>
    <products>
      <Steel>35</Steel>
    </products>
    <fixedIngredientFilter>
      <thingDefs>
			<li>Coal</li>
			<li>Charcoal</li>
      </thingDefs>
    </fixedIngredientFilter>
	<recipeUsers>
			<li>CoalSmelter</li>
			<li>ElectricSmelter</li>
	</recipeUsers>
  </RecipeDef>  


  <RecipeDef>
    <defName>SmeltGoldOreChunk</defName>
    <label>refine gold ore</label>
    <description>With use of compounds and heat refine gold chunk into useful metal</description>
    <jobString>Smelting metal from chunk.</jobString>
    <workAmount>1400</workAmount>
    <workSpeedStat>SmeltingSpeed</workSpeedStat>
    <effectWorking>Smelt</effectWorking>
    <soundWorking>Recipe_Smelt</soundWorking>
    <ingredients>
		  <li>
			<filter>
			  <thingDefs>
				<li>ChunkGoldOre</li>
			  </thingDefs>
			</filter>
			<count>40</count>
		  </li>
    </ingredients>
    <products>
      <Gold>35</Gold>
    </products>
    <fixedIngredientFilter>
      <thingDefs>
        <li>ChunkGoldOre</li>
      </thingDefs>
    </fixedIngredientFilter>
	<recipeUsers>
			<li>CoalSmelter</li>
			<li>ElectricSmelter</li>
	</recipeUsers>
  </RecipeDef>

  
  <RecipeDef>
    <defName>SmeltSilverOreChunk</defName>
    <label>refine silver ore</label>
    <description>With use of compounds and heat refine silver chunk into useful metal</description>
    <jobString>Smelting metal from chunk.</jobString>
    <workAmount>1400</workAmount>
    <workSpeedStat>SmeltingSpeed</workSpeedStat>
    <effectWorking>Smelt</effectWorking>
    <soundWorking>Recipe_Smelt</soundWorking>
    <ingredients>
		  <li>
			<filter>
			  <thingDefs>
				<li>ChunkSilverOre</li>
			  </thingDefs>
			</filter>
			<count>40</count>
		  </li>
    </ingredients>
    <products>
      <Silver>35</Silver>
    </products>
    <fixedIngredientFilter>
      <thingDefs>
        <li>ChunkSilverOre</li>
      </thingDefs>
    </fixedIngredientFilter>
	<recipeUsers>
			<li>CoalSmelter</li>
			<li>ElectricSmelter</li>
	</recipeUsers>
  </RecipeDef> 

  <RecipeDef>
    <defName>SmeltIronOreChunkBulk</defName>
    <label>refine steel ore in bulk</label>
    <description>With use of compounds and heat refine iron chunk into useful metal. Industrial quantities!</description>
    <jobString>Smelting metal from chunk.</jobString>
    <workAmount>3225</workAmount>
    <workSpeedStat>SmeltingSpeed</workSpeedStat>
    <effectWorking>Smelt</effectWorking>
    <soundWorking>Recipe_Smelt</soundWorking>
    <ingredients>
		  <li>
			<filter>
			  <thingDefs>
				<li>ChunkIronOre</li>
			  </thingDefs>
			</filter>
			<count>120</count>
		  </li>
		<li>
			<filter>
				<thingDefs>
					<li>Coal</li>
					<li>Charcoal</li>
					</thingDefs>
			</filter>
			<count>75</count>
		</li>
    </ingredients>
    <products>
      <Steel>105</Steel>
    </products>
    <fixedIngredientFilter>
      <thingDefs>
        <li>ChunkIronOre</li>
		<li>Coal</li>
		<li>Charcoal</li>
      </thingDefs>
    </fixedIngredientFilter>
  </RecipeDef> 


  <RecipeDef>
    <defName>SmeltGoldOreChunkPrimitive</defName>
    <label>refine gold ore</label>
    <description>With use of compounds and heat refine gold chunk into useful metal</description>
    <jobString>Smelting metal from chunk.</jobString>
    <workAmount>1800</workAmount>
    <workSpeedStat>SmeltingSpeed</workSpeedStat>
    <effectWorking>Smelt</effectWorking>
    <soundWorking>Recipe_Smelt</soundWorking>
    <ingredients>
		  <li>
			<filter>
			  <thingDefs>
				<li>ChunkGoldOre</li>
			  </thingDefs>
			</filter>
			<count>40</count>
		  </li>
    </ingredients>
    <products>
      <Gold>25</Gold>
    </products>
    <fixedIngredientFilter>
      <thingDefs>
        <li>ChunkGoldOre</li>
      </thingDefs>
    </fixedIngredientFilter>
  </RecipeDef>  

  <RecipeDef>
    <defName>SmeltIronOreChunkPrimitive</defName>
    <label>refine steel ore</label>
    <description>With use of compounds and heat refine iron chunk into useful metal.</description>
    <jobString>Smelting metal from chunk.</jobString>
    <workAmount>3000</workAmount>
    <workSpeedStat>SmeltingSpeed</workSpeedStat>
    <effectWorking>Smelt</effectWorking>
    <soundWorking>Recipe_Smelt</soundWorking>
    <ingredients>
		  <li>
			<filter>
			  <thingDefs>
				<li>ChunkIronOre</li>
			  </thingDefs>
			</filter>
			<count>40</count>
		  </li>
		<li>
			<filter>
				<thingDefs>
					<li>Coal</li>
					<li>Charcoal</li>
					</thingDefs>
			</filter>
			<count>35</count>
		</li>
    </ingredients>
    <products>
      <Steel>20</Steel>
    </products>
    <fixedIngredientFilter>
      <thingDefs>
        <li>ChunkIronOre</li>
		<li>Coal</li>
		<li>Charcoal</li>
      </thingDefs>
    </fixedIngredientFilter>
  </RecipeDef> 
  <RecipeDef>
  
  
  

  
  
  
    <defName>SmeltSilverOreChunkPrimitive</defName>
    <label>refine silver ore</label>
    <description>With use of compounds and heat refine silver chunk into useful metal.</description>
    <jobString>Smelting metal from chunk.</jobString>
    <workAmount>2000</workAmount>
    <workSpeedStat>SmeltingSpeed</workSpeedStat>
    <effectWorking>Smelt</effectWorking>
    <soundWorking>Recipe_Smelt</soundWorking>
    <ingredients>
		  <li>
			<filter>
			  <thingDefs>
				<li>ChunkSilverOre</li>
			  </thingDefs>
			</filter>
			<count>40</count>
		  </li>
    </ingredients>
    <products>
      <Silver>20</Silver>
    </products>
    <fixedIngredientFilter>
      <thingDefs>
        <li>ChunkSilverOre</li>
      </thingDefs>
    </fixedIngredientFilter>
  </RecipeDef> 



  <RecipeDef>
    <defName>SmeltUraniumOreChunk</defName>
    <label>refine uranium</label>
    <description>With use of compounds and heat refine uranium chunk into useful metal</description>
    <jobString>Smelting metal from chunk.</jobString>
    <workAmount>2600</workAmount>
    <workSpeedStat>SmeltingSpeed</workSpeedStat>
    <effectWorking>Smelt</effectWorking>
    <soundWorking>Recipe_Smelt</soundWorking>
    <ingredients>
		  <li>
			<filter>
			  <thingDefs>
				<li>ChunkUraniumOre</li>
			  </thingDefs>
			</filter>
			<count>60</count>
		  </li>
		<li>
			<filter>
				<thingDefs>
					<li>Chemfuel</li>
				</thingDefs>
			</filter>
			<count>25</count>
		</li>
    </ingredients>
    <products>
      <Uranium>20</Uranium>
    </products>
    <fixedIngredientFilter>
      <thingDefs>
        <li>ChunkUraniumOre</li>
		<li>Chemfuel</li>
      </thingDefs>
    </fixedIngredientFilter>
  </RecipeDef>
  
    <RecipeDef>
    <defName>SmeltPlasteelOreChunk</defName>
    <label>refine plasteel</label>
    <description>Refine plasteel, by  melting plasteel crystals with steel</description>
    <jobString>Smelting metal from chunk.</jobString>
    <workAmount>3400</workAmount>
    <workSpeedStat>SmeltingSpeed</workSpeedStat>
    <effectWorking>Smelt</effectWorking>
    <soundWorking>Recipe_Smelt</soundWorking>
    <ingredients>
		  <li>
			<filter>
			  <thingDefs>
				<li>Steel</li>
			  </thingDefs>
			</filter>
			<count>25</count>
		  </li>
		<li>
			<filter>
				<thingDefs>
					<li>ChunkPlasteelOre</li>
				</thingDefs>
			</filter>
			<count>50</count>
		</li>
    </ingredients>
    <products>
      <Plasteel>25</Plasteel>
    </products>
    <fixedIngredientFilter>
      <thingDefs>
        <li>ChunkPlasteelOre</li>
		<li>Steel</li>
      </thingDefs>
    </fixedIngredientFilter>
  </RecipeDef>
  
  
     <RecipeDef>
    <defName>MakeRawAdobe</defName>
    <label>make raw adobe bricks</label>
    <description>Use hay nad wet clay to acquire cheap brick material.</description>
    <jobString>Creating bricks from pulp.</jobString>
    <workAmount>1000</workAmount>
    <workSpeedStat>UnskilledLaborSpeed</workSpeedStat>
    <soundWorking>Recipe_MakeStoneBlocks</soundWorking>
    <ingredients>
      <li>
        <filter>
          <thingDefs>
            <li>Hay</li>
          </thingDefs>
        </filter>
        <count>18</count>
      </li>      
    </ingredients>
    <products>
      <AdobeRaw>9</AdobeRaw>
    </products>
    <fixedIngredientFilter>
      <thingDefs>
        <li>Hay</li>
      </thingDefs>
    </fixedIngredientFilter>
  </RecipeDef>
  
  
  
 </Defs>
