﻿<?xml version="1.0" encoding="utf-8" ?>
<Defs>
  <StatDef>
    <defName>MiningMistakeChance</defName>
    <label>Mistake chance</label>
    <description>The chance for pawn to make a mistake when mining.</description>
    <category>PawnWork</category>
    <defaultBaseValue>0.5</defaultBaseValue>
    <minValue>0.0</minValue>
	<maxValue>1</maxValue>
    <toStringStyle>PercentZero</toStringStyle>
    <capacityFactors>
      <li>
        <capacity>Consciousness</capacity>
        <weight>1</weight>
      </li>
    </capacityFactors>
	<skillNeedFactors>
		<li Class="SkillNeed_BaseBonus">
			<skill>Mining</skill>
			<baseValue>0.0</baseValue>
			<bonusPerLevel>0.08</bonusPerLevel>
		</li>
	</skillNeedFactors>
	<postProcessCurve>
      <points>        
		<li>(0.0, 0.5)</li>
        <li>(0.1, 0.30)</li>
        <li>(0.5, 0.1)</li>
        <li>(1.0, 0.001)</li>
      </points>
    </postProcessCurve>
  </StatDef>

</Defs>